"","int","plant","BR_code","date_time","avg_leaf_temp","env_temp","spore","rep","plant_name","ASSYST","dpi","mean_temp","diff_temp","lf_vs_env"
"1","1.30","1","BR7-01111","2015-8-5 00:00:00",19.91836,22.3,"1","1","OSR Cracker","Sheff-001","30",19.87023,0.0481300000000005,2.38164
"2","1.30","1","BR7-01112","2015-8-5 00:00:00",20.04784,22.3,"1","2","OSR Cracker","Sheff-001","30",19.87023,0.177610000000001,2.25216
"3","1.30","1","BR7-01113","2015-8-5 00:00:00",19.83152,22.3,"1","3","OSR Cracker","Sheff-001","30",19.87023,-0.0387099999999982,2.46848
"4","1.30","1","BR7-01114","2015-8-5 00:00:00",19.6832,22.3,"1","4","OSR Cracker","Sheff-001","30",19.87023,-0.18703,2.6168
"5","1.30","1","BR7-01121","2015-8-5 00:00:00",20.02428,22.3,"2","1","OSR Cracker","Sheff-001","30",19.87023,0.154050000000002,2.27572
"6","1.30","1","BR7-01122","2015-8-5 00:00:00",19.89512,22.3,"2","2","OSR Cracker","Sheff-001","30",19.87023,0.0248899999999992,2.40488
"7","1.30","1","BR7-01123","2015-8-5 00:00:00",20.09868,22.3,"2","3","OSR Cracker","Sheff-001","30",19.87023,0.228450000000002,2.20132
"8","1.30","1","BR7-01124","2015-8-5 00:00:00",19.90584,22.3,"2","4","OSR Cracker","Sheff-001","30",19.87023,0.0356100000000019,2.39416
"9","1.30","1","BR7-01131","2015-8-5 00:00:00",19.7372,22.3,"3","1","OSR Cracker","Sheff-001","30",19.87023,-0.133029999999998,2.5628
"10","1.30","1","BR7-01132","2015-8-5 00:00:00",19.97404,22.3,"3","2","OSR Cracker","Sheff-001","30",19.87023,0.103809999999999,2.32596
"11","1.30","1","BR7-01133","2015-8-5 00:00:00",20.23408,22.3,"3","3","OSR Cracker","Sheff-001","30",19.87023,0.363849999999999,2.06592
"12","1.30","1","BR7-01134","2015-8-5 00:00:00",20.24008,22.3,"3","4","OSR Cracker","Sheff-001","30",19.87023,0.36985,2.05992
"13","1.44","1","BR7-01122","2015-8-19 00:00:00",22.29208,21.8,"2","2","OSR Cracker","Sheff-001","44",21.78968,0.502399999999998,-0.492079999999998
"14","1.44","1","BR7-01123","2015-8-19 00:00:00",21.97504,21.8,"2","3","OSR Cracker","Sheff-001","44",21.78968,0.185359999999999,-0.175039999999999
"15","1.44","1","BR7-01124","2015-8-19 00:00:00",21.37288,21.8,"2","4","OSR Cracker","Sheff-001","44",21.78968,-0.416800000000002,0.427120000000002
"16","1.44","1","BR7-01131","2015-8-19 00:00:00",22.44564,21.8,"3","1","OSR Cracker","Sheff-001","44",21.78968,0.65596,-0.64564
"17","1.44","1","BR7-01132","2015-8-19 00:00:00",22.3638,21.8,"3","2","OSR Cracker","Sheff-001","44",21.78968,0.574120000000001,-0.563800000000001
"18","1.44","1","BR7-01133","2015-8-19 00:00:00",21.9398,21.8,"3","3","OSR Cracker","Sheff-001","44",21.78968,0.150120000000001,-0.139800000000001
"19","1.44","1","BR7-01134","2015-8-19 00:00:00",21.50152,21.8,"3","4","OSR Cracker","Sheff-001","44",21.78968,-0.288160000000001,0.298480000000001
"20","1.44","1","BR7-01114","2015-8-19 00:00:00",21.60592,21.8,"1","4","OSR Cracker","Sheff-001","44",21.78968,-0.183759999999999,0.19408
"21","1.44","1","BR7-01111","2015-8-19 00:00:00",21.66656,21.8,"1","1","OSR Cracker","Sheff-001","44",21.78968,-0.12312,0.13344
"22","1.44","1","BR7-01112","2015-8-19 00:00:00",22.334,21.8,"1","2","OSR Cracker","Sheff-001","44",21.78968,0.544319999999999,-0.533999999999999
"23","1.44","1","BR7-01113","2015-8-19 00:00:00",21.55224,21.8,"1","3","OSR Cracker","Sheff-001","44",21.78968,-0.237439999999999,0.24776
"24","1.44","1","BR7-01121","2015-8-19 00:00:00",22.27612,21.8,"2","1","OSR Cracker","Sheff-001","44",21.78968,0.486439999999998,-0.476119999999998
"25","1.51","1","BR7-01122","2015-8-26 00:00:00",23.05968,23.44733333,"2","2","OSR Cracker","Sheff-001","51",22.76579,0.293890000000001,0.387653329999999
"26","1.51","1","BR7-01134","2015-8-26 00:00:00",23.474,23.66722408,"3","4","OSR Cracker","Sheff-001","51",22.76579,0.708210000000001,0.19322408
"27","1.51","1","BR7-01114","2015-8-26 00:00:00",23.53728,23.63110368,"1","4","OSR Cracker","Sheff-001","51",22.76579,0.77149,0.0938236799999999
"28","1.51","1","BR7-01111","2015-8-26 00:00:00",21.70232,23.33,"1","1","OSR Cracker","Sheff-001","51",22.76579,-1.06347,1.62768
"29","1.51","1","BR7-01112","2015-8-26 00:00:00",23.26088,23.41133333,"1","2","OSR Cracker","Sheff-001","51",22.76579,0.495090000000001,0.150453330000001
"30","1.51","1","BR7-01113","2015-8-26 00:00:00",22.56268,23.492,"1","3","OSR Cracker","Sheff-001","51",22.76579,-0.203109999999999,0.929320000000001
"31","1.51","1","BR7-01124","2015-8-26 00:00:00",23.90864,23.68595318,"2","4","OSR Cracker","Sheff-001","51",22.76579,1.14285,-0.22268682
"32","1.51","1","BR7-01121","2015-8-26 00:00:00",23.13192,23.36266667,"2","1","OSR Cracker","Sheff-001","51",22.76579,0.366130000000002,0.230746669999998
"33","1.51","1","BR7-01132","2015-8-26 00:00:00",22.50048,23.432,"3","2","OSR Cracker","Sheff-001","51",22.76579,-0.265309999999999,0.931519999999999
"34","1.51","1","BR7-01123","2015-8-26 00:00:00",23.83152,23.54414716,"2","3","OSR Cracker","Sheff-001","51",22.76579,1.06573,-0.28737284
"35","1.51","1","BR7-01131","2015-8-26 00:00:00",23.2856,23.35333333,"3","1","OSR Cracker","Sheff-001","51",22.76579,0.51981,0.0677333300000029
"36","1.51","1","BR7-01133","2015-8-26 00:00:00",22.90216,23.52675585,"3","3","OSR Cracker","Sheff-001","51",22.76579,0.136369999999999,0.624595850000002
"37","2.30","2","BR7-02112","2015-8-5 00:00:00",20.1384,22.3,"1","2","OSR Temple","Sheff-002","30",20.21808,-0.0796799999999998,2.1616
"38","2.30","2","BR7-02124","2015-8-5 00:00:00",19.82056,22.3,"2","4","OSR Temple","Sheff-002","30",20.21808,-0.39752,2.47944
"39","2.30","2","BR7-02111","2015-8-5 00:00:00",20.40548,22.3,"1","1","OSR Temple","Sheff-002","30",20.21808,0.1874,1.89452
"40","2.30","2","BR7-02122","2015-8-5 00:00:00",19.8228,22.3,"2","2","OSR Temple","Sheff-002","30",20.21808,-0.39528,2.4772
"41","2.30","2","BR7-02113","2015-8-5 00:00:00",20.00864,22.3,"1","3","OSR Temple","Sheff-002","30",20.21808,-0.209440000000001,2.29136
"42","2.30","2","BR7-02114","2015-8-5 00:00:00",20.3198,22.3,"1","4","OSR Temple","Sheff-002","30",20.21808,0.10172,1.9802
"43","2.30","2","BR7-02121","2015-8-5 00:00:00",20.29468,22.3,"2","1","OSR Temple","Sheff-002","30",20.21808,0.0765999999999991,2.00532
"44","2.30","2","BR7-02131","2015-8-5 00:00:00",20.23788,22.3,"3","1","OSR Temple","Sheff-002","30",20.21808,0.0198,2.06212
"45","2.30","2","BR7-02123","2015-8-5 00:00:00",19.89284,22.3,"2","3","OSR Temple","Sheff-002","30",20.21808,-0.325240000000001,2.40716
"46","2.30","2","BR7-02133","2015-8-5 00:00:00",19.98208,22.3,"3","3","OSR Temple","Sheff-002","30",20.21808,-0.236000000000001,2.31792
"47","2.30","2","BR7-02134","2015-8-5 00:00:00",19.9316,22.3,"3","4","OSR Temple","Sheff-002","30",20.21808,-0.286480000000001,2.3684
"48","2.30","2","BR7-02132","2015-8-5 00:00:00",19.826,22.3,"3","2","OSR Temple","Sheff-002","30",20.21808,-0.39208,2.474
"49","2.44","2","BR7-02124","2015-8-19 00:00:00",22.3418,21.8,"2","4","OSR Temple","Sheff-002","44",21.62323,0.71857,-0.541799999999999
"50","2.44","2","BR7-02111","2015-8-19 00:00:00",22.00008,21.8,"1","1","OSR Temple","Sheff-002","44",21.62323,0.376850000000001,-0.20008
"51","2.44","2","BR7-02112","2015-8-19 00:00:00",21.66512,21.8,"1","2","OSR Temple","Sheff-002","44",21.62323,0.0418900000000022,0.134879999999999
"52","2.44","2","BR7-02123","2015-8-19 00:00:00",21.32656,21.8,"2","3","OSR Temple","Sheff-002","44",21.62323,-0.296669999999999,0.47344
"53","2.44","2","BR7-02133","2015-8-19 00:00:00",21.23,21.8,"3","3","OSR Temple","Sheff-002","44",21.62323,-0.393229999999999,0.57
"54","2.44","2","BR7-02134","2015-8-19 00:00:00",21.53356,21.8,"3","4","OSR Temple","Sheff-002","44",21.62323,-0.0896699999999981,0.266439999999999
"55","2.44","2","BR7-02131","2015-8-19 00:00:00",21.39924,21.8,"3","1","OSR Temple","Sheff-002","44",21.62323,-0.223990000000001,0.400760000000002
"56","2.44","2","BR7-02132","2015-8-19 00:00:00",21.8926,21.8,"3","2","OSR Temple","Sheff-002","44",21.62323,0.269370000000002,-0.0926000000000009
"57","2.44","2","BR7-02113","2015-8-19 00:00:00",21.34996,21.8,"1","3","OSR Temple","Sheff-002","44",21.62323,-0.27327,0.450040000000001
"58","2.44","2","BR7-02114","2015-8-19 00:00:00",21.47776,21.8,"1","4","OSR Temple","Sheff-002","44",21.62323,-0.14547,0.322240000000001
"59","2.44","2","BR7-02121","2015-8-19 00:00:00",21.41428,21.8,"2","1","OSR Temple","Sheff-002","44",21.62323,-0.208949999999998,0.385719999999999
"60","2.44","2","BR7-02122","2015-8-19 00:00:00",21.48692,21.8,"2","2","OSR Temple","Sheff-002","44",21.62323,-0.136309999999998,0.313079999999999
"61","2.51","2","BR7-02121","2015-8-26 00:00:00",22.77052,23.40133333,"2","1","OSR Temple","Sheff-002","51",22.7329,0.0376200000000004,0.630813329999999
"62","2.51","2","BR7-02122","2015-8-26 00:00:00",22.64384,23.48066667,"2","2","OSR Temple","Sheff-002","51",22.7329,-0.0890599999999999,0.836826670000001
"63","2.51","2","BR7-02123","2015-8-26 00:00:00",23.88008,23.61237458,"2","3","OSR Temple","Sheff-002","51",22.7329,1.14718,-0.267705419999999
"64","2.51","2","BR7-02124","2015-8-26 00:00:00",23.21324,23.75016722,"2","4","OSR Temple","Sheff-002","51",22.7329,0.480339999999998,0.536927220000003
"65","2.51","2","BR7-02134","2015-8-26 00:00:00",23.56268,23.72073579,"3","4","OSR Temple","Sheff-002","51",22.7329,0.82978,0.158055789999999
"66","2.51","2","BR7-02111","2015-8-26 00:00:00",23.00328,23.39133333,"1","1","OSR Temple","Sheff-002","51",22.7329,0.270379999999999,0.388053329999998
"67","2.51","2","BR7-02112","2015-8-26 00:00:00",22.24332,23.47066667,"1","2","OSR Temple","Sheff-002","51",22.7329,-0.48958,1.22734667
"68","2.51","2","BR7-02113","2015-8-26 00:00:00",23.10052,23.59230769,"1","3","OSR Temple","Sheff-002","51",22.7329,0.367619999999999,0.491787689999999
"69","2.51","2","BR7-02114","2015-8-26 00:00:00",22.58448,23.73010033,"1","4","OSR Temple","Sheff-002","51",22.7329,-0.148420000000002,1.14562033
"70","2.51","2","BR7-02131","2015-8-26 00:00:00",22.53892,23.38733333,"3","1","OSR Temple","Sheff-002","51",22.7329,-0.19398,0.84841333
"71","2.51","2","BR7-02132","2015-8-26 00:00:00",23.1442,23.466,"3","2","OSR Temple","Sheff-002","51",22.7329,0.411300000000001,0.3218
"72","2.51","2","BR7-02133","2015-8-26 00:00:00",22.9858,23.58428094,"3","3","OSR Temple","Sheff-002","51",22.7329,0.2529,0.598480939999998
"73","3.30","3","BR7-03112","2015-8-5 00:00:00",20.06824,22.3,"1","2","Chinese cabbage Wong Bok","Sheff-003","30",20.25385,-0.18561,2.23176
"74","3.30","3","BR7-03132","2015-8-5 00:00:00",20.949,22.3,"3","2","Chinese cabbage Wong Bok","Sheff-003","30",20.25385,0.695150000000002,1.351
"75","3.30","3","BR7-03113","2015-8-5 00:00:00",20.07436,22.3,"1","3","Chinese cabbage Wong Bok","Sheff-003","30",20.25385,-0.179490000000001,2.22564
"76","3.30","3","BR7-03124","2015-8-5 00:00:00",20.54664,22.3,"2","4","Chinese cabbage Wong Bok","Sheff-003","30",20.25385,0.29279,1.75336
"77","3.30","3","BR7-03131","2015-8-5 00:00:00",20.54356,22.3,"3","1","Chinese cabbage Wong Bok","Sheff-003","30",20.25385,0.289709999999999,1.75644
"78","3.30","3","BR7-03111","2015-8-5 00:00:00",20.39556,22.3,"1","1","Chinese cabbage Wong Bok","Sheff-003","30",20.25385,0.14171,1.90444
"79","3.30","3","BR7-03122","2015-8-5 00:00:00",20.44112,22.3,"2","2","Chinese cabbage Wong Bok","Sheff-003","30",20.25385,0.187270000000002,1.85888
"80","3.30","3","BR7-03123","2015-8-5 00:00:00",21.3676,22.3,"2","3","Chinese cabbage Wong Bok","Sheff-003","30",20.25385,1.11375,0.932400000000001
"81","3.30","3","BR7-03114","2015-8-5 00:00:00",20.47724,22.3,"1","4","Chinese cabbage Wong Bok","Sheff-003","30",20.25385,0.223389999999998,1.82276
"82","3.30","3","BR7-03121","2015-8-5 00:00:00",20.9118,22.3,"2","1","Chinese cabbage Wong Bok","Sheff-003","30",20.25385,0.65795,1.3882
"83","3.30","3","BR7-03133","2015-8-5 00:00:00",20.21188,22.3,"3","3","Chinese cabbage Wong Bok","Sheff-003","30",20.25385,-0.0419699999999992,2.08812
"84","3.30","3","BR7-03134","2015-8-5 00:00:00",20.30432,22.3,"3","4","Chinese cabbage Wong Bok","Sheff-003","30",20.25385,0.0504700000000007,1.99568
"85","3.44","3","BR7-03124","2015-8-19 00:00:00",22.2136,21.8,"2","4","Chinese cabbage Wong Bok","Sheff-003","44",21.65382,0.55978,-0.413599999999999
"86","3.44","3","BR7-03112","2015-8-19 00:00:00",21.647,21.8,"1","2","Chinese cabbage Wong Bok","Sheff-003","44",21.65382,-0.00682000000000116,0.153000000000002
"87","3.44","3","BR7-03113","2015-8-19 00:00:00",21.7704,21.8,"1","3","Chinese cabbage Wong Bok","Sheff-003","44",21.65382,0.116579999999999,0.0296000000000021
"88","3.44","3","BR7-03131","2015-8-19 00:00:00",22.62356,21.8,"3","1","Chinese cabbage Wong Bok","Sheff-003","44",21.65382,0.969740000000002,-0.823560000000001
"89","3.44","3","BR7-03111","2015-8-19 00:00:00",21.59992,21.8,"1","1","Chinese cabbage Wong Bok","Sheff-003","44",21.65382,-0.0538999999999987,0.20008
"90","3.44","3","BR7-03122","2015-8-19 00:00:00",21.50296,21.8,"2","2","Chinese cabbage Wong Bok","Sheff-003","44",21.65382,-0.150859999999998,0.297039999999999
"91","3.44","3","BR7-03123","2015-8-19 00:00:00",21.59728,21.8,"2","3","Chinese cabbage Wong Bok","Sheff-003","44",21.65382,-0.0565399999999983,0.202719999999999
"92","3.44","3","BR7-03134","2015-8-19 00:00:00",22.63452,21.8,"3","4","Chinese cabbage Wong Bok","Sheff-003","44",21.65382,0.980699999999999,-0.834519999999998
"93","3.44","3","BR7-03114","2015-8-19 00:00:00",21.59796,21.8,"1","4","Chinese cabbage Wong Bok","Sheff-003","44",21.65382,-0.0558599999999991,0.20204
"94","3.44","3","BR7-03132","2015-8-19 00:00:00",21.90732,21.8,"3","2","Chinese cabbage Wong Bok","Sheff-003","44",21.65382,0.253499999999999,-0.107319999999998
"95","3.44","3","BR7-03133","2015-8-19 00:00:00",21.50928,21.8,"3","3","Chinese cabbage Wong Bok","Sheff-003","44",21.65382,-0.144539999999999,0.29072
"96","3.44","3","BR7-03121","2015-8-19 00:00:00",21.63888,21.8,"2","1","Chinese cabbage Wong Bok","Sheff-003","44",21.65382,-0.0149399999999993,0.16112
"97","3.51","3","BR7-03111","2015-8-26 00:00:00",22.12984,23.34866667,"1","1","Chinese cabbage Wong Bok","Sheff-003","51",22.60201,-0.472169999999998,1.21882667
"98","3.51","3","BR7-03112","2015-8-26 00:00:00",22.83568,23.42733333,"1","2","Chinese cabbage Wong Bok","Sheff-003","51",22.60201,0.23367,0.59165333
"99","3.51","3","BR7-03124","2015-8-26 00:00:00",23.81144,23.74080268,"2","4","Chinese cabbage Wong Bok","Sheff-003","51",22.60201,1.20943,-0.0706373199999994
"100","3.51","3","BR7-03131","2015-8-26 00:00:00",23.381,23.406,"3","1","Chinese cabbage Wong Bok","Sheff-003","51",22.60201,0.77899,0.0249999999999986
"101","3.51","3","BR7-03122","2015-8-26 00:00:00",22.52428,23.47666667,"2","2","Chinese cabbage Wong Bok","Sheff-003","51",22.60201,-0.077729999999999,0.952386669999999
"102","3.51","3","BR7-03123","2015-8-26 00:00:00",24.46744,23.60167224,"2","3","Chinese cabbage Wong Bok","Sheff-003","51",22.60201,1.86543,-0.865767760000001
"103","3.51","3","BR7-03134","2015-8-26 00:00:00",24.70572,23.75953177,"3","4","Chinese cabbage Wong Bok","Sheff-003","51",22.60201,2.10371,-0.946188230000001
"104","3.51","3","BR7-03114","2015-8-26 00:00:00",23.00188,23.65919732,"1","4","Chinese cabbage Wong Bok","Sheff-003","51",22.60201,0.39987,0.657317320000001
"105","3.51","3","BR7-03121","2015-8-26 00:00:00",22.88696,23.39733333,"2","1","Chinese cabbage Wong Bok","Sheff-003","51",22.60201,0.284949999999998,0.51037333
"106","3.51","3","BR7-03132","2015-8-26 00:00:00",22.70532,23.486,"3","2","Chinese cabbage Wong Bok","Sheff-003","51",22.60201,0.10331,0.78068
"107","3.51","3","BR7-03113","2015-8-26 00:00:00",22.44064,23.5173913,"1","3","Chinese cabbage Wong Bok","Sheff-003","51",22.60201,-0.161370000000002,1.0767513
"108","3.51","3","BR7-03133","2015-8-26 00:00:00",22.512,23.62173913,"3","3","Chinese cabbage Wong Bok","Sheff-003","51",22.60201,-0.0900099999999995,1.10973913
"109","4.30","4","BR7-04112","2015-8-5 00:00:00",19.80712,22.3,"1","2","Kale Ragged Jack","BnASSYST-209","30",19.8692,-0.0620799999999981,2.49288
"110","4.30","4","BR7-04113","2015-8-5 00:00:00",20.0342,22.3,"1","3","Kale Ragged Jack","BnASSYST-209","30",19.8692,0.164999999999999,2.2658
"111","4.30","4","BR7-04114","2015-8-5 00:00:00",19.85704,22.3,"1","4","Kale Ragged Jack","BnASSYST-209","30",19.8692,-0.012159999999998,2.44296
"112","4.30","4","BR7-04131","2015-8-5 00:00:00",19.97132,22.3,"3","1","Kale Ragged Jack","BnASSYST-209","30",19.8692,0.102119999999999,2.32868
"113","4.30","4","BR7-04132","2015-8-5 00:00:00",19.75408,22.3,"3","2","Kale Ragged Jack","BnASSYST-209","30",19.8692,-0.115120000000001,2.54592
"114","4.30","4","BR7-04133","2015-8-5 00:00:00",19.8836,22.3,"3","3","Kale Ragged Jack","BnASSYST-209","30",19.8692,0.014400000000002,2.4164
"115","4.30","4","BR7-04134","2015-8-5 00:00:00",20.0668,22.3,"3","4","Kale Ragged Jack","BnASSYST-209","30",19.8692,0.197600000000001,2.2332
"116","4.30","4","BR7-04111","2015-8-5 00:00:00",19.77844,22.3,"1","1","Kale Ragged Jack","BnASSYST-209","30",19.8692,-0.0907599999999995,2.52156
"117","4.30","4","BR7-04121","2015-8-5 00:00:00",20.23312,22.3,"2","1","Kale Ragged Jack","BnASSYST-209","30",19.8692,0.36392,2.06688
"118","4.30","4","BR7-04122","2015-8-5 00:00:00",20.16088,22.3,"2","2","Kale Ragged Jack","BnASSYST-209","30",19.8692,0.291679999999999,2.13912
"119","4.30","4","BR7-04123","2015-8-5 00:00:00",19.8476,22.3,"2","3","Kale Ragged Jack","BnASSYST-209","30",19.8692,-0.0215999999999994,2.4524
"120","4.30","4","BR7-04124","2015-8-5 00:00:00",19.84936,22.3,"2","4","Kale Ragged Jack","BnASSYST-209","30",19.8692,-0.0198399999999985,2.45064
"121","4.44","4","BR7-04123","2015-8-19 00:00:00",20.99176,21.8,"2","3","Kale Ragged Jack","BnASSYST-209","44",20.96253,0.0292299999999983,0.808240000000001
"122","4.44","4","BR7-04124","2015-8-19 00:00:00",20.79708,21.8,"2","4","Kale Ragged Jack","BnASSYST-209","44",20.96253,-0.16545,1.00292
"123","4.44","4","BR7-04131","2015-8-19 00:00:00",21.03972,21.8,"3","1","Kale Ragged Jack","BnASSYST-209","44",20.96253,0.0771899999999981,0.760280000000002
"124","4.44","4","BR7-04132","2015-8-19 00:00:00",21.19356,21.8,"3","2","Kale Ragged Jack","BnASSYST-209","44",20.96253,0.231030000000001,0.606439999999999
"125","4.44","4","BR7-04113","2015-8-19 00:00:00",20.99392,21.8,"1","3","Kale Ragged Jack","BnASSYST-209","44",20.96253,0.0313899999999983,0.806080000000001
"126","4.44","4","BR7-04114","2015-8-19 00:00:00",20.47148,21.8,"1","4","Kale Ragged Jack","BnASSYST-209","44",20.96253,-0.491050000000001,1.32852
"127","4.44","4","BR7-04111","2015-8-19 00:00:00",21.30228,21.8,"1","1","Kale Ragged Jack","BnASSYST-209","44",20.96253,0.339749999999999,0.497720000000001
"128","4.44","4","BR7-04112","2015-8-19 00:00:00",21.08244,21.8,"1","2","Kale Ragged Jack","BnASSYST-209","44",20.96253,0.119909999999997,0.717560000000002
"129","4.44","4","BR7-04122","2015-8-19 00:00:00",21.11972,21.8,"2","2","Kale Ragged Jack","BnASSYST-209","44",20.96253,0.15719,0.68028
"130","4.44","4","BR7-04133","2015-8-19 00:00:00",20.9384,21.8,"3","3","Kale Ragged Jack","BnASSYST-209","44",20.96253,-0.0241299999999995,0.861599999999999
"131","4.44","4","BR7-04134","2015-8-19 00:00:00",20.4798,21.8,"3","4","Kale Ragged Jack","BnASSYST-209","44",20.96253,-0.48273,1.3202
"132","4.44","4","BR7-04121","2015-8-19 00:00:00",20.80248,21.8,"2","1","Kale Ragged Jack","BnASSYST-209","44",20.96253,-0.160050000000002,0.997520000000002
"133","4.51","4","BR7-04113","2015-8-26 00:00:00",22.28212,23.55618729,"1","3","Kale Ragged Jack","BnASSYST-209","51",22.20213,0.0799899999999987,1.27406729
"134","4.51","4","BR7-04111","2015-8-26 00:00:00",22.17248,23.36933333,"1","1","Kale Ragged Jack","BnASSYST-209","51",22.20213,-0.0296500000000002,1.19685333
"135","4.51","4","BR7-04112","2015-8-26 00:00:00",22.10992,23.45133333,"1","2","Kale Ragged Jack","BnASSYST-209","51",22.20213,-0.0922100000000015,1.34141333
"136","4.51","4","BR7-04122","2015-8-26 00:00:00",21.93536,23.422,"2","2","Kale Ragged Jack","BnASSYST-209","51",22.20213,-0.266770000000001,1.48664
"137","4.51","4","BR7-04114","2015-8-26 00:00:00",22.244,23.69397993,"1","4","Kale Ragged Jack","BnASSYST-209","51",22.20213,0.0418699999999994,1.44997993
"138","4.51","4","BR7-04124","2015-8-26 00:00:00",22.17252,23.64983278,"2","4","Kale Ragged Jack","BnASSYST-209","51",22.20213,-0.0296100000000017,1.47731278
"139","4.51","4","BR7-04131","2015-8-26 00:00:00",21.88148,23.382,"3","1","Kale Ragged Jack","BnASSYST-209","51",22.20213,-0.320650000000001,1.50052
"140","4.51","4","BR7-04132","2015-8-26 00:00:00",21.58224,23.46133333,"3","2","Kale Ragged Jack","BnASSYST-209","51",22.20213,-0.619890000000002,1.87909333
"141","4.51","4","BR7-04123","2015-8-26 00:00:00",22.49236,23.50668896,"2","3","Kale Ragged Jack","BnASSYST-209","51",22.20213,0.290230000000001,1.01432896
"142","4.51","4","BR7-04134","2015-8-26 00:00:00",21.87844,23.71270903,"3","4","Kale Ragged Jack","BnASSYST-209","51",22.20213,-0.323689999999999,1.83426903
"143","4.51","4","BR7-04121","2015-8-26 00:00:00",21.17228,23.342,"2","1","Kale Ragged Jack","BnASSYST-209","51",22.20213,-1.02985,2.16972
"144","4.51","4","BR7-04133","2015-8-26 00:00:00",22.76948,23.57491639,"3","3","Kale Ragged Jack","BnASSYST-209","51",22.20213,0.567350000000001,0.805436389999997
"145","5.30","5","BR7-05112","2015-8-5 00:00:00",19.8776,22.3,"1","2","Kale Siberian","BnASSYST-211","30",20.28437,-0.406769999999998,2.4224
"146","5.30","5","BR7-05114","2015-8-5 00:00:00",20.40392,22.3,"1","4","Kale Siberian","BnASSYST-211","30",20.28437,0.11955,1.89608
"147","5.30","5","BR7-05122","2015-8-5 00:00:00",20.42548,22.3,"2","2","Kale Siberian","BnASSYST-211","30",20.28437,0.141110000000001,1.87452
"148","5.30","5","BR7-05113","2015-8-5 00:00:00",20.12704,22.3,"1","3","Kale Siberian","BnASSYST-211","30",20.28437,-0.157329999999998,2.17296
"149","5.30","5","BR7-05124","2015-8-5 00:00:00",20.32964,22.3,"2","4","Kale Siberian","BnASSYST-211","30",20.28437,0.0452700000000021,1.97036
"150","5.30","5","BR7-05121","2015-8-5 00:00:00",20.18572,22.3,"2","1","Kale Siberian","BnASSYST-211","30",20.28437,-0.0986499999999992,2.11428
"151","5.30","5","BR7-05132","2015-8-5 00:00:00",20.13684,22.3,"3","2","Kale Siberian","BnASSYST-211","30",20.28437,-0.14753,2.16316
"152","5.30","5","BR7-05133","2015-8-5 00:00:00",20.1212,22.3,"3","3","Kale Siberian","BnASSYST-211","30",20.28437,-0.163169999999997,2.1788
"153","5.30","5","BR7-05134","2015-8-5 00:00:00",20.39548,22.3,"3","4","Kale Siberian","BnASSYST-211","30",20.28437,0.11111,1.90452
"154","5.30","5","BR7-05131","2015-8-5 00:00:00",20.28096,22.3,"3","1","Kale Siberian","BnASSYST-211","30",20.28437,-0.0034099999999988,2.01904
"155","5.30","5","BR7-05111","2015-8-5 00:00:00",20.72892,22.3,"1","1","Kale Siberian","BnASSYST-211","30",20.28437,0.44455,1.57108
"156","5.30","5","BR7-05123","2015-8-5 00:00:00",20.38316,22.3,"2","3","Kale Siberian","BnASSYST-211","30",20.28437,0.098790000000001,1.91684
"157","5.44","5","BR7-05124","2015-8-19 00:00:00",20.75984,21.8,"2","4","Kale Siberian","BnASSYST-211","44",21.17701,-0.417169999999999,1.04016
"158","5.44","5","BR7-05132","2015-8-19 00:00:00",21.56796,21.8,"3","2","Kale Siberian","BnASSYST-211","44",21.17701,0.39095,0.232040000000001
"159","5.44","5","BR7-05133","2015-8-19 00:00:00",21.34612,21.8,"3","3","Kale Siberian","BnASSYST-211","44",21.17701,0.16911,0.453880000000002
"160","5.44","5","BR7-05134","2015-8-19 00:00:00",21.02932,21.8,"3","4","Kale Siberian","BnASSYST-211","44",21.17701,-0.147690000000001,0.770680000000002
"161","5.44","5","BR7-05131","2015-8-19 00:00:00",21.43244,21.8,"3","1","Kale Siberian","BnASSYST-211","44",21.17701,0.25543,0.367560000000001
"162","5.44","5","BR7-05111","2015-8-19 00:00:00",21.3824,21.8,"1","1","Kale Siberian","BnASSYST-211","44",21.17701,0.205390000000001,0.4176
"163","5.44","5","BR7-05112","2015-8-19 00:00:00",21.51076,21.8,"1","2","Kale Siberian","BnASSYST-211","44",21.17701,0.333750000000002,0.289239999999999
"164","5.44","5","BR7-05113","2015-8-19 00:00:00",21.12204,21.8,"1","3","Kale Siberian","BnASSYST-211","44",21.17701,-0.0549700000000009,0.677960000000002
"165","5.44","5","BR7-05114","2015-8-19 00:00:00",20.69284,21.8,"1","4","Kale Siberian","BnASSYST-211","44",21.17701,-0.484169999999999,1.10716
"166","5.44","5","BR7-05121","2015-8-19 00:00:00",21.133,21.8,"2","1","Kale Siberian","BnASSYST-211","44",21.17701,-0.0440100000000001,0.667000000000002
"167","5.44","5","BR7-05122","2015-8-19 00:00:00",21.00496,21.8,"2","2","Kale Siberian","BnASSYST-211","44",21.17701,-0.172049999999999,0.79504
"168","5.44","5","BR7-05123","2015-8-19 00:00:00",20.78936,21.8,"2","3","Kale Siberian","BnASSYST-211","44",21.17701,-0.387650000000001,1.01064
"169","5.51","5","BR7-05111","2015-8-26 00:00:00",22.30868,23.33466667,"1","1","Kale Siberian","BnASSYST-211","51",21.97835,0.33033,1.02598667
"170","5.51","5","BR7-05112","2015-8-26 00:00:00",21.71928,23.41733333,"1","2","Kale Siberian","BnASSYST-211","51",21.97835,-0.259069999999998,1.69805333
"171","5.51","5","BR7-05113","2015-8-26 00:00:00",21.81408,23.49866667,"1","3","Kale Siberian","BnASSYST-211","51",21.97835,-0.164269999999998,1.68458667
"172","5.51","5","BR7-05114","2015-8-26 00:00:00",22.07136,23.63913043,"1","4","Kale Siberian","BnASSYST-211","51",21.97835,0.0930099999999996,1.56777043
"173","5.51","5","BR7-05121","2015-8-26 00:00:00",21.81132,23.376,"2","1","Kale Siberian","BnASSYST-211","51",21.97835,-0.16703,1.56468
"174","5.51","5","BR7-05122","2015-8-26 00:00:00",21.47208,23.45666667,"2","2","Kale Siberian","BnASSYST-211","51",21.97835,-0.506270000000001,1.98458667
"175","5.51","5","BR7-05123","2015-8-26 00:00:00",21.75956,23.56555184,"2","3","Kale Siberian","BnASSYST-211","51",21.97835,-0.218789999999998,1.80599184
"176","5.51","5","BR7-05124","2015-8-26 00:00:00",22.03804,23.70334448,"2","4","Kale Siberian","BnASSYST-211","51",21.97835,0.0596899999999998,1.66530448
"177","5.51","5","BR7-05131","2015-8-26 00:00:00",22.25904,23.358,"3","1","Kale Siberian","BnASSYST-211","51",21.97835,0.28069,1.09896
"178","5.51","5","BR7-05132","2015-8-26 00:00:00",21.83456,23.442,"3","2","Kale Siberian","BnASSYST-211","51",21.97835,-0.143789999999999,1.60744
"179","5.51","5","BR7-05133","2015-8-26 00:00:00",21.89828,23.53478261,"3","3","Kale Siberian","BnASSYST-211","51",21.97835,-0.0800699999999992,1.63650261
"180","5.51","5","BR7-05134","2015-8-26 00:00:00",22.57136,23.67658863,"3","4","Kale Siberian","BnASSYST-211","51",21.97835,0.59301,1.10522863
